DATE,LISTED PRICE,PRICE TREND,day_of_week,month,week_of_year,MA_7,MA_14,volatility_7,momentum_7,price_lag_1,price_lag_2,price_lag_3,price_lag_7,price_lag_14,log_price
28-03-2024,39999,1,3,3,13,39996.42857,39997.71429,4.391550328,0,39990,39990,39999,39999,39999,10.59663473
29-03-2024,38999,-1,4,3,13,39853.57143,39926.28571,376.8544622,-1000,39999,39990,39990,39999,39999,10.57131693
30-03-2024,38999,0,5,3,13,39710.71429,39854.85714,486.2100761,-1000,38999,39999,39990,39999,39999,10.57131693
31-03-2024,38999,0,6,3,13,39567.85714,39783.42857,532.1298177,-1000,38999,38999,39999,39999,39999,10.57131693
01-04-2024,38999,0,0,4,14,39425.0,39712.0,531.3238184,-1000,38999,38999,38999,39999,39999,10.57131693
02-04-2024,38999,0,1,4,14,39283.42857,39640.57143,485.7612092,-991,38999,38999,38999,39990,39999,10.57131693
03-04-2024,38999,0,2,4,14,39141.85714,39569.14286,377.964473,-991,38999,38999,38999,39990,39999,10.57131693
04-04-2024,38999,0,3,4,14,38999.0,39497.71429,0.0,-1000,38999,38999,38999,39999,39999,10.57131693
05-04-2024,38999,0,4,4,14,38999.0,39426.28571,0.0,0,38999,38999,38999,38999,39999,10.57131693
06-04-2024,38999,0,5,4,14,38999.0,39354.85714,0.0,0,38999,38999,38999,38999,39999,10.57131693
07-04-2024,39999,1,6,4,14,39141.85714,39354.85714,377.964473,1000,38999,38999,38999,38999,39999,10.59663473
08-04-2024,39999,0,0,4,15,39284.71429,39354.85714,487.9500365,1000,39999,38999,38999,38999,39999,10.59663473
09-04-2024,39999,0,1,4,15,39427.57143,39355.5,534.5224838,1000,39999,39999,38999,38999,39990,10.59663473
10-04-2024,39999,0,2,4,15,39570.42857,39356.14286,534.5224838,1000,39999,39999,39999,38999,39990,10.59663473
11-04-2024,39999,0,3,4,15,39713.28571,39356.14286,487.9500365,1000,39999,39999,39999,38999,39999,10.59663473
12-04-2024,39999,0,4,4,15,39856.14286,39427.57143,377.964473,1000,39999,39999,39999,38999,38999,10.59663473
13-04-2024,39999,0,5,4,15,39999.0,39499.0,0.0,1000,39999,39999,39999,38999,38999,10.59663473
14-04-2024,36799,-1,6,4,15,39541.85714,39341.85714,1209.486314,-3200,39999,39999,39999,39999,38999,10.51325312
15-04-2024,36750,-1,0,4,16,39077.71429,39181.21429,1573.458475,-3249,36799,39999,39999,39999,38999,10.51192072
16-04-2024,36750,0,1,4,16,38613.57143,39020.57143,1728.01021,-3249,36750,36799,39999,39999,38999,10.51192072
17-04-2024,36700,-1,2,4,16,38142.28571,38856.35714,1737.032308,-3299,36750,36750,36799,39999,38999,10.51055928
18-04-2024,36700,0,3,4,16,37671.0,38692.14286,1590.687273,-3299,36700,36750,36750,39999,38999,10.51055928
19-04-2024,36680,-1,4,4,16,37196.85714,38526.5,1236.293712,-3319,36700,36700,36750,39999,38999,10.51001419
20-04-2024,35990,-1,5,4,16,36624.14286,38311.57143,282.5540825,-4009,36680,36700,36700,39999,38999,10.49102419
21-04-2024,35970,-1,6,4,16,36505.71429,38023.78571,360.1322508,-829,35990,36680,36700,36799,39999,10.49046834
22-04-2024,35970,0,0,4,17,36394.28571,37736.0,391.2738658,-780,35970,35990,36680,36750,39999,10.49046834
23-04-2024,35950,-1,1,4,17,36280.0,37446.78571,386.8677638,-800,35970,35970,35990,36750,39999,10.48991218
24-04-2024,35950,0,2,4,17,36172.85714,37157.57143,353.5870607,-750,35950,35970,35970,36700,39999,10.48991218
25-04-2024,39980,1,3,4,17,36641.42857,37156.21429,1496.088551,3280,35950,35950,35970,36700,39999,10.59615962
26-04-2024,39980,0,4,4,17,37112.85714,37154.85714,1958.679098,3300,39980,35950,35950,36680,39999,10.59615962
27-04-2024,35950,-1,5,4,17,37107.14286,36865.64286,1962.555428,-40,39980,39980,35950,35990,39999,10.48991218
28-04-2024,39990,1,6,4,17,37681.42857,37093.57143,2153.248929,4020,35950,39980,39980,35970,36799,10.59640971
29-04-2024,39990,0,0,4,18,38255.71429,37325.0,2156.802086,4020,39990,35950,39980,35970,36750,10.59640971
30-04-2024,35949,-1,1,4,18,38255.57143,37267.78571,2156.980286,-1,39990,39990,35950,35950,36750,10.48988436
01-05-2024,35949,0,2,5,18,38255.42857,37214.14286,2157.158459,-1,35949,39990,39990,35950,36700,10.48988436
02-05-2024,39990,1,3,5,18,38256.85714,37449.14286,2158.493798,10,35949,35949,39990,39980,36700,10.59640971
03-05-2024,35949,-1,4,5,18,37681.0,37396.92857,2159.871755,-4031,39990,35949,35949,39980,36680,10.48988436
04-05-2024,35949,0,5,5,18,37680.85714,37394.0,2160.005357,-1,35949,39990,35949,35950,35990,10.48988436
05-05-2024,38000,1,6,5,18,37396.57143,37539.0,1923.439702,-1990,35949,35949,39990,39990,35970,10.54536775
06-05-2024,38000,0,0,5,19,37112.28571,37684.0,1595.318538,-1990,38000,35949,35949,39990,35970,10.54536775
07-05-2024,36999,-1,1,5,19,37262.28571,37758.92857,1515.054863,1050,38000,38000,35949,35949,35950,10.51867319
08-05-2024,36500,-1,2,5,19,37341.0,37798.21429,1448.294169,551,36999,38000,38000,35949,35950,10.50509494
09-05-2024,36500,0,3,5,19,36842.42857,37549.64286,869.4252617,-3490,36500,36999,38000,39990,39980,10.50509494
10-05-2024,36450,-1,4,5,19,36914.0,37297.5,801.5952844,501,36500,36500,36999,35949,39980,10.50372417
11-05-2024,36449,-1,5,5,19,36985.42857,37333.14286,719.3302109,500,36450,36500,36500,35949,35950,10.50369674
12-05-2024,36450,1,6,5,19,36764.0,37080.28571,580.0474119,-1550,36449,36450,36500,38000,39990,10.50372417
13-05-2024,36450,0,0,5,20,36542.57143,36827.42857,202.655584,-1550,36450,36449,36450,38000,39990,10.50372417
14-05-2024,36439,-1,1,5,20,36462.57143,36862.42857,25.8705569,-560,36450,36450,36449,36999,35949,10.50342235
15-05-2024,36439,0,2,5,20,36453.85714,36897.42857,20.97163617,-61,36439,36450,36450,36500,35949,10.50342235
16-05-2024,36449,1,3,5,20,36446.57143,36644.5,5.19156824,-51,36439,36439,36450,36500,39990,10.50369674
17-05-2024,36899,1,4,5,20,36510.71429,36712.35714,171.2899241,449,36449,36439,36439,36450,35949,10.51596683
18-05-2024,36895,-1,5,5,20,36574.42857,36779.92857,220.4131402,446,36899,36449,36439,36449,35949,10.51585842
19-05-2024,36890,-1,6,5,20,36637.28571,36700.64286,240.8102395,440,36895,36899,36449,36450,38000,10.5157229
20-05-2024,36895,1,0,5,21,36700.85714,36621.71429,241.8638932,445,36890,36895,36899,36450,38000,10.51585842
21-05-2024,37500,1,1,5,21,36852.42857,36657.5,355.9568593,1061,36895,36890,36895,36439,36999,10.53212288
22-05-2024,37500,0,2,5,21,37004.0,36728.92857,375.9077901,1061,37500,36895,36890,36439,36500,10.53212288
23-05-2024,37500,0,3,5,21,37154.14286,36800.35714,323.5302297,1051,37500,37500,36895,36449,36500,10.53212288
24-05-2024,37500,0,4,5,21,37240.0,36875.35714,324.2812565,601,37500,37500,37500,36899,36450,10.53212288
25-05-2024,38810,1,5,5,21,37513.57143,37044.0,639.3923827,1915,37500,37500,37500,36895,36449,10.56645899
26-05-2024,38810,0,6,5,21,37787.85714,37212.57143,732.3697674,1920,38810,37500,37500,36890,36450,10.56645899
27-05-2024,38810,0,0,5,22,38061.42857,37381.14286,700.2244538,1915,38810,38810,37500,36895,36450,10.56645899
28-05-2024,38750,-1,1,5,22,38240.0,37546.21429,692.5315877,1250,38810,38810,38810,37500,36439,10.56491184
29-05-2024,38810,1,2,5,22,38427.14286,37715.57143,633.737966,1310,38750,38810,38810,37500,36439,10.56645899
30-05-2024,37999,-1,3,5,22,38498.42857,37826.28571,531.9592269,499,38810,38750,38810,37500,36449,10.54534144
31-05-2024,37999,0,4,5,22,38569.71429,37904.85714,390.4871804,499,37999,38810,38750,37500,36899,10.54534144
01-06-2024,38810,1,5,6,22,38569.71429,38041.64286,390.4871804,0,37999,37999,38810,38810,36895,10.56645899
02-06-2024,38800,-1,6,6,22,38568.28571,38178.07143,389.4785892,-10,38810,37999,37999,38810,36890,10.5662013
03-06-2024,38810,1,0,6,23,38568.28571,38314.85714,389.4785892,0,38800,38810,37999,38810,36895,10.56645899
04-06-2024,38810,0,1,6,23,38576.85714,38408.42857,394.7684674,60,38810,38800,38810,38750,37500,10.56645899
05-06-2024,38990,1,2,6,23,38602.57143,38514.85714,417.6832361,180,38810,38810,38800,38810,37500,10.57108613
06-06-2024,38990,0,3,6,23,38744.14286,38621.28571,339.6716201,991,38990,38810,38810,37999,37500,10.57108613
07-06-2024,38999,1,4,6,23,38887.0,38728.35714,99.26227884,1000,38990,38990,38810,37999,37500,10.57131693
08-06-2024,38999,0,5,6,23,38914.0,38741.85714,100.5236291,189,38999,38990,38990,38810,38810,10.57131693
09-06-2024,38999,0,6,6,23,38942.42857,38755.35714,90.55542896,199,38999,38999,38990,38800,38810,10.57131693
10-06-2024,38999,0,0,6,24,38969.42857,38768.85714,70.42929585,189,38999,38999,38999,38810,38810,10.57131693
11-06-2024,38999,0,1,6,24,38996.42857,38786.64286,4.391550334,189,38999,38999,38999,38810,38750,10.57131693
12-06-2024,39800,1,2,6,24,39112.14286,38857.35714,303.335034,810,38999,38999,38999,38990,38810,10.59164732
13-06-2024,39800,0,3,6,24,39227.85714,38986.0,390.8479792,810,39800,38999,38999,38990,37999,10.59164732
14-06-2024,38785,-1,4,6,24,39197.28571,39042.14286,419.0818195,-214,39800,39800,38999,38999,37999,10.56581464
15-06-2024,38785,0,5,6,24,39166.71429,39040.35714,443.075883,-214,38785,39800,39800,38999,38810,10.56581464
16-06-2024,38785,0,6,6,24,39136.14286,39039.28571,463.4890968,-214,38785,38785,39800,38999,38800,10.56581464
17-06-2024,37999,-1,0,6,25,38993.28571,38981.35714,635.1327195,-1000,38785,38785,38785,38999,38810,10.54534144
18-06-2024,37999,0,1,6,25,38850.42857,38923.42857,737.7980431,-1000,37999,38785,38785,38999,38810,10.54534144
19-06-2024,37999,0,2,6,25,38593.14286,38852.64286,661.5573617,-1801,37999,37999,38785,39800,38990,10.54534144
20-06-2024,37999,0,3,6,25,38335.85714,38781.85714,420.1346723,-1801,37999,37999,37999,39800,38990,10.54534144
21-06-2024,37999,0,4,6,25,38223.57143,38710.42857,383.5287287,-786,37999,37999,37999,38785,38999,10.54534144
22-06-2024,37999,0,5,6,25,38111.28571,38639.0,297.0800758,-786,37999,37999,37999,38785,38999,10.54534144
23-06-2024,37999,0,6,6,25,37999.0,38567.57143,0.0,-786,37999,37999,37999,38785,38999,10.54534144
24-06-2024,39999,1,0,6,26,38284.71429,38639.0,755.928946,2000,37999,37999,37999,37999,38999,10.59663473
25-06-2024,39999,0,1,6,26,38570.42857,38710.42857,975.9000729,2000,39999,37999,37999,37999,38999,10.59663473
26-06-2024,39999,0,2,6,26,38856.14286,38724.64286,1069.044968,2000,39999,39999,37999,37999,39800,10.59663473
27-06-2024,39999,0,3,6,26,39141.85714,38738.85714,1069.044968,2000,39999,39999,39999,37999,39800,10.59663473
28-06-2024,39800,-1,4,6,26,39399.14286,38811.35714,959.2358814,1801,39999,39999,39999,37999,38785,10.59164732
29-06-2024,39999,1,5,6,26,39684.85714,38898.07143,747.0833128,2000,39800,39999,39999,37999,38785,10.59663473
30-06-2024,39999,0,6,6,26,39970.57143,38984.78571,75.21493013,2000,39999,39800,39999,37999,38785,10.59663473
01-07-2024,39999,0,0,7,27,39970.57143,39127.64286,75.21493013,0,39999,39999,39800,39999,37999,10.59663473
02-07-2024,39999,0,1,7,27,39970.57143,39270.5,75.21493013,0,39999,39999,39999,39999,37999,10.59663473
03-07-2024,38999,-1,2,7,27,39827.71429,39341.92857,372.8783154,-1000,39999,39999,39999,39999,37999,10.57131693
04-07-2024,38999,0,3,7,27,39684.85714,39413.35714,474.1309343,-1000,38999,39999,39999,39999,37999,10.57131693
05-07-2024,38999,0,4,7,27,39570.42857,39484.78571,534.5224838,-801,38999,38999,39999,39800,37999,10.57131693
06-07-2024,39999,1,5,7,27,39570.42857,39627.64286,534.5224838,0,38999,38999,38999,39999,37999,10.59663473
07-07-2024,39800,-1,6,7,27,39542.0,39756.28571,512.7796798,-199,39999,38999,38999,39999,37999,10.59164732
08-07-2024,38999,-1,0,7,28,39399.14286,39684.85714,503.4548734,-1000,39800,39999,38999,39999,39999,10.57131693
09-07-2024,38999,0,1,7,28,39256.28571,39613.42857,443.1383209,-1000,38999,39800,39999,39999,39999,10.57131693
10-07-2024,38949,-1,2,7,28,39249.14286,39538.42857,448.3489818,-50,38999,38999,39800,38999,39999,10.57003405
11-07-2024,38949,0,3,7,28,39242.0,39463.42857,453.3685035,-50,38949,38999,38999,38999,39999,10.57003405
12-07-2024,38949,0,4,7,28,39234.85714,39402.64286,458.2031677,-50,38949,38949,38999,38999,39800,10.57003405
13-07-2024,38949,0,5,7,28,39084.85714,39327.64286,316.2279919,-1050,38949,38949,38949,39999,39999,10.57003405
14-07-2024,38949,0,6,7,28,38963.28571,39252.64286,24.39750182,-851,38949,38949,38949,39800,39999,10.57003405
15-07-2024,39999,1,0,7,29,39106.14286,39252.64286,394.1537046,1000,38949,38949,38949,38999,39999,10.59663473
16-07-2024,38999,-1,1,7,29,39106.14286,39181.21429,394.1537046,0,39999,38949,38949,38999,39999,10.57131693
17-07-2024,39699,1,2,7,29,39213.28571,39231.21429,443.2026302,750,38999,39999,38949,38949,38999,10.58910647
18-07-2024,39999,1,3,7,29,39363.28571,39302.64286,511.3008619,1050,39699,38999,39999,38949,38999,10.59663473
19-07-2024,38999,-1,4,7,29,39370.42857,39302.64286,504.8573584,50,39999,39699,38999,38949,38999,10.57131693
20-07-2024,39710,1,5,7,29,39479.14286,39282.0,480.3229568,761,38999,39999,39699,38949,39999,10.58938351
21-07-2024,39710,0,6,7,29,39587.85714,39275.57143,423.0391741,761,39710,38999,39999,38949,39800,10.58938351
22-07-2024,39710,0,0,7,30,39546.57143,39326.35714,388.9562345,-289,39710,39710,38999,39999,38999,10.58938351
23-07-2024,39710,0,1,7,30,39648.14286,39377.14286,306.1532452,711,39710,39710,39710,38999,38999,10.58938351
24-07-2024,39710,0,2,7,30,39649.71429,39431.5,306.4858421,11,39710,39710,39710,39699,38949,10.58938351
25-07-2024,39499,-1,3,7,30,39578.28571,39470.78571,267.2705959,-500,39710,39710,39710,39999,38949,10.58405595
26-07-2024,39499,0,4,7,30,39649.71429,39510.07143,102.9574577,500,39499,39710,39710,38999,38949,10.58405595
27-07-2024,39499,0,5,7,30,39619.57143,39549.35714,112.7842441,-211,39499,39499,39710,39710,38949,10.58405595
28-07-2024,39499,0,6,7,30,39589.42857,39588.64286,112.7842441,-211,39499,39499,39499,39710,38949,10.58405595
29-07-2024,39999,1,0,7,31,39630.71429,39588.64286,190.4387166,289,39499,39499,39499,39710,39999,10.59663473
30-07-2024,39999,0,1,7,31,39672.0,39660.07143,236.2971293,289,39999,39499,39499,39710,38999,10.59663473
31-07-2024,39999,0,2,7,31,39713.28571,39681.5,267.2612419,289,39999,39999,39499,39710,39699,10.59663473
01-08-2024,39999,0,3,8,31,39784.71429,39681.5,267.2612419,500,39999,39999,39999,39499,39999,10.59663473
02-08-2024,39999,0,4,8,31,39856.14286,39752.92857,243.9750182,500,39999,39999,39999,39499,38999,10.59663473
03-08-2024,39999,0,5,8,31,39927.57143,39773.57143,188.9822365,500,39999,39999,39999,39499,39710,10.59663473
04-08-2024,39999,0,6,8,31,39999.0,39794.21429,0.0,500,39999,39999,39999,39499,39710,10.59663473
05-08-2024,39999,0,0,8,32,39999.0,39814.85714,0.0,0,39999,39999,39999,39999,39710,10.59663473
06-08-2024,39999,0,1,8,32,39999.0,39835.5,0.0,0,39999,39999,39999,39999,39710,10.59663473
07-08-2024,39999,0,2,8,32,39999.0,39856.14286,0.0,0,39999,39999,39999,39999,39710,10.59663473
08-08-2024,39999,0,3,8,32,39999.0,39891.85714,0.0,0,39999,39999,39999,39999,39499,10.59663473
09-08-2024,39999,0,4,8,32,39999.0,39927.57143,0.0,0,39999,39999,39999,39999,39499,10.59663473
10-08-2024,39999,0,5,8,32,39999.0,39963.28571,0.0,0,39999,39999,39999,39999,39499,10.59663473
11-08-2024,39999,0,6,8,32,39999.0,39999.0,0.0,0,39999,39999,39999,39999,39499,10.59663473
12-08-2024,39999,0,0,8,33,39999.0,39999.0,0.0,0,39999,39999,39999,39999,39999,10.59663473
13-08-2024,39999,0,1,8,33,39999.0,39999.0,0.0,0,39999,39999,39999,39999,39999,10.59663473
14-08-2024,39999,0,2,8,33,39999.0,39999.0,0.0,0,39999,39999,39999,39999,39999,10.59663473
15-08-2024,39999,0,3,8,33,39999.0,39999.0,0.0,0,39999,39999,39999,39999,39999,10.59663473
16-08-2024,39999,0,4,8,33,39999.0,39999.0,0.0,0,39999,39999,39999,39999,39999,10.59663473
17-08-2024,39999,0,5,8,33,39999.0,39999.0,0.0,0,39999,39999,39999,39999,39999,10.59663473
18-08-2024,39999,0,6,8,33,39999.0,39999.0,0.0,0,39999,39999,39999,39999,39999,10.59663473
19-08-2024,39999,0,0,8,34,39999.0,39999.0,0.0,0,39999,39999,39999,39999,39999,10.59663473
20-08-2024,35799,-1,1,8,34,39399.0,39699.0,1587.450787,-4200,39999,39999,39999,39999,39999,10.48570317
21-08-2024,39999,1,2,8,34,39399.0,39699.0,1587.450787,0,35799,39999,39999,39999,39999,10.59663473
22-08-2024,39999,0,3,8,34,39399.0,39699.0,1587.450787,0,39999,35799,39999,39999,39999,10.59663473
23-08-2024,37999,-1,4,8,34,39113.28571,39556.14286,1640.557397,-2000,39999,39999,35799,39999,39999,10.54534144
24-08-2024,39999,1,5,8,34,39113.28571,39556.14286,1640.557397,0,37999,39999,39999,39999,39999,10.59663473
25-08-2024,39999,0,6,8,34,39113.28571,39556.14286,1640.557397,0,39999,37999,39999,39999,39999,10.59663473
26-08-2024,35899,-1,0,8,35,38527.57143,39263.28571,1970.37584,-4100,39999,39999,37999,39999,39999,10.48849257
27-08-2024,35899,0,1,8,35,38541.85714,38970.42857,1947.525903,100,35899,39999,39999,35799,39999,10.48849257
28-08-2024,35899,0,2,8,35,37956.14286,38677.57143,2050.087106,-4100,35899,35899,39999,39999,39999,10.48849257
29-08-2024,34699,-1,3,8,35,37199.0,38299.0,2146.314671,-5300,35899,35899,35899,39999,39999,10.45449497
30-08-2024,39999,1,4,8,35,37484.71429,38299.0,2389.85953,2000,34699,35899,35899,37999,39999,10.59663473
31-08-2024,39999,0,5,8,35,37484.71429,38299.0,2389.85953,0,39999,34699,35899,39999,39999,10.59663473
01-09-2024,39999,0,6,9,35,37484.71429,38299.0,2389.85953,0,39999,39999,34699,39999,39999,10.59663473
02-09-2024,39999,0,0,9,36,38070.42857,38299.0,2438.38354,4100,39999,39999,39999,35899,39999,10.59663473
03-09-2024,38999,-1,1,9,36,38513.28571,38527.57143,2252.72322,3100,39999,39999,39999,35899,35799,10.57131693
04-09-2024,39999,1,2,9,36,39099.0,38527.57143,1975.685535,4100,38999,39999,39999,35899,39999,10.59663473
05-09-2024,39999,0,3,9,36,39856.14286,38527.57143,377.964473,5300,39999,38999,39999,34699,39999,10.59663473
06-09-2024,39999,0,4,9,36,39856.14286,38670.42857,377.964473,0,39999,39999,38999,39999,37999,10.59663473
07-09-2024,39999,0,5,9,36,39856.14286,38670.42857,377.964473,0,39999,39999,39999,39999,39999,10.59663473
08-09-2024,39499,-1,6,9,36,39784.71429,38634.71429,393.3978962,-500,39999,39999,39999,39999,39999,10.58405595
09-09-2024,39499,0,0,9,37,39713.28571,38891.85714,393.3978962,-500,39499,39999,39999,39999,35899,10.58405595
10-09-2024,39499,0,1,9,37,39784.71429,39149.0,267.2612419,500,39499,39499,39999,38999,35899,10.58405595
11-09-2024,39999,1,2,9,37,39784.71429,39441.85714,267.2612419,0,39499,39499,39499,39999,35899,10.59663473
12-09-2024,38499,-1,3,9,37,39570.42857,39713.28571,534.5224838,-1500,39999,39499,39499,39999,34699,10.55841352
13-09-2024,38499,0,4,9,37,39356.14286,39606.14286,626.7831705,-1500,38499,39999,39499,39999,39999,10.55841352
14-09-2024,38490,-1,5,9,37,39140.57143,39498.35714,628.328963,-1509,38499,38499,39999,39999,39999,10.55817973
15-09-2024,38479,-1,6,9,37,38994.85714,39389.78571,649.2766305,-1020,38490,38499,38499,39499,39999,10.5578939
16-09-2024,38479,0,0,9,38,38849.14286,39281.21429,631.4904139,-1020,38479,38490,38499,39499,39999,10.5578939
17-09-2024,38479,0,1,9,38,38703.42857,39244.07143,571.3644071,-1020,38479,38479,38490,39499,38999,10.5578939
18-09-2024,38479,0,2,9,38,38486.28571,39135.5,9.56929614,-1520,38479,38479,38479,39999,39999,10.5578939
19-09-2024,38479,0,3,9,38,38483.42857,39026.92857,7.997023258,-20,38479,38479,38479,38499,39999,10.5578939
20-09-2024,36999,-1,4,9,38,38269.14286,38812.64286,560.0953575,-1500,38479,38479,38479,38499,39999,10.51867319
21-09-2024,36999,0,5,9,38,38056.14286,38598.35714,722.166054,-1491,36999,38479,38479,38490,39999,10.51867319
22-09-2024,36999,0,6,9,38,37844.71429,38419.78571,791.0932761,-1480,36999,36999,38479,38479,39499,10.51867319
23-09-2024,34999,-1,0,9,39,37347.57143,38098.35714,1272.837101,-3480,36999,36999,36999,38479,39499,10.46310334
24-09-2024,33999,-1,1,9,39,36707.57143,37705.5,1672.636926,-4480,34999,36999,36999,38479,39499,10.4341158
25-09-2024,37479,1,2,9,39,36564.71429,37525.5,1533.002035,-1000,33999,34999,36999,38479,39999,10.53156274
26-09-2024,33499,-1,3,9,39,35853.28571,37168.35714,1647.815292,-4980,37479,33999,34999,38479,38499,10.41930072
27-09-2024,33499,0,4,9,39,35353.28571,36811.21429,1768.79297,-3500,33499,37479,33999,36999,38499,10.41930072
28-09-2024,33499,0,5,9,39,34853.28571,36454.71429,1720.066444,-3500,33499,33499,37479,36999,38490,10.41930072
29-09-2024,33499,0,6,9,39,34353.28571,36099.0,1485.023649,-3500,33499,33499,33499,36999,38479,10.41930072
30-09-2024,34999,1,0,9,40,34353.28571,35850.42857,1485.023649,0,33499,33499,33499,34999,38479,10.46310334
01-10-2024,34750,-1,1,10,40,34460.57143,35584.07143,1482.287855,751,34999,33499,33499,33999,38479,10.45596363
02-10-2024,34000,-1,2,10,40,33963.57143,35264.14286,652.5866117,-3479,34750,34999,33499,37479,38479,10.43414521
03-10-2024,33990,-1,3,10,40,34033.71429,34943.5,619.8988397,491,34000,34750,34999,33499,38479,10.43385106
04-10-2024,33800,-1,4,10,40,34076.71429,34715.0,586.1466581,301,33990,34000,34750,33499,36999,10.42824567
05-10-2024,33400,-1,5,10,40,34062.57143,34457.92857,603.3511573,-99,33800,33990,34000,33499,36999,10.41634112
06-10-2024,33400,0,6,10,40,34048.42857,34200.85714,619.7020405,-99,33400,33800,33990,33499,36999,10.41634112
07-10-2024,33400,0,0,10,41,33820.0,34086.64286,492.578251,-1599,33400,33400,33800,34999,34999,10.41634112
08-10-2024,37420,1,1,10,41,34201.42857,34331.0,1445.25002,2670,33400,33400,33400,34750,33999,10.52998732
09-10-2024,37469,1,2,10,41,34697.0,34330.28571,1890.758137,3469,37420,33400,33400,34000,37479,10.53129589
10-10-2024,33349,-1,3,10,41,34605.42857,34319.57143,1945.437214,-641,37469,37420,33400,33990,33499,10.41481305
11-10-2024,33340,-1,4,10,41,34539.71429,34308.21429,1984.553746,-460,33349,37469,37420,33800,33499,10.41454315
12-10-2024,37479,1,5,10,41,35122.42857,34592.5,2183.051447,4079,33340,33349,37469,33400,33499,10.53156274
13-10-2024,37479,0,6,10,41,35705.14286,34876.78571,2191.044608,4079,37479,33340,33349,33400,33499,10.53156274
14-10-2024,37479,0,0,10,42,36287.85714,35053.92857,2010.806341,4079,37479,37479,33340,33400,34999,10.53156274
15-10-2024,37479,0,1,10,42,36296.28571,35248.85714,2016.458506,59,37479,37479,37479,37420,34750,10.53156274
16-10-2024,33400,-1,2,10,42,35715.0,35206.0,2200.173857,-4069,37479,37479,37479,37469,34000,10.41634112
17-10-2024,33400,0,3,10,42,35722.28571,35163.85714,2191.098941,51,33400,37479,37479,33349,33990,10.41634112
18-10-2024,33400,0,4,10,42,35730.85714,35135.28571,2180.317212,60,33400,33400,37479,33340,33800,10.41634112
19-10-2024,33400,0,5,10,42,35148.14286,35135.28571,2180.317212,-4079,33400,33400,33400,37479,33400,10.41634112
20-10-2024,33400,0,6,10,42,34565.42857,35135.28571,1990.348199,-4079,33400,33400,33400,37479,33400,10.41634112
21-10-2024,33400,0,0,10,43,33982.71429,35135.28571,1541.717085,-4079,33400,33400,33400,37479,33400,10.41634112
22-10-2024,33400,0,1,10,43,33400.0,34848.14286,0.0,-4079,33400,33400,33400,37479,37420,10.41634112
23-10-2024,33340,-1,2,10,43,33391.42857,34553.21429,22.67786838,-60,33400,33400,33400,33400,37469,10.41454315
24-10-2024,33497,1,3,10,43,33405.28571,34563.78571,46.21224328,97,33340,33400,33400,33400,33349,10.41924101
25-10-2024,32998,-1,4,10,43,33347.85714,34539.35714,161.0283915,-402,33497,33340,33400,33400,33340,10.40423254
26-10-2024,36999,1,5,10,43,33862.0,34505.07143,1392.438269,3599,32998,33497,33340,33400,37479,10.51867319
27-10-2024,32999,-1,6,10,43,33804.71429,34185.07143,1422.536434,-401,36999,32998,33497,33400,37479,10.40426284
28-10-2024,32398,-1,0,10,44,33661.57143,33822.14286,1517.304722,-1002,32999,36999,32998,33400,37479,10.38588284
29-10-2024,32990,1,1,10,44,33603.0,33501.5,1536.872148,-410,32398,32999,36999,33400,37479,10.40399008
30-10-2024,32990,0,2,10,44,33553.0,33472.21429,1552.468787,-350,32990,32398,32999,33340,33400,10.40399008
31-10-2024,32989,-1,3,10,44,33480.42857,33442.85714,1567.325201,-508,32990,32990,32398,33497,33400,10.40395976
01-11-2024,32989,0,4,11,44,33479.14286,33413.5,1567.790529,-9,32989,32990,32990,32998,33400,10.40395976
02-11-2024,32989,0,5,11,44,32906.28571,33384.14286,224.1619313,-4010,32989,32989,32990,36999,33400,10.40395976
03-11-2024,32980,-1,6,11,44,32903.57143,33354.14286,222.9640159,-19,32989,32989,32989,32999,33400,10.40368692
04-11-2024,32980,0,0,11,45,32986.71429,33324.14286,4.608480794,582,32980,32989,32989,32398,33400,10.40368692
05-11-2024,32980,0,1,11,45,32985.28571,33294.14286,4.956957591,-10,32980,32980,32989,32990,33400,10.40368692
06-11-2024,31390,-1,2,11,45,32756.71429,33154.85714,602.6811524,-1600,32980,32980,32980,32990,33340,10.35427651
07-11-2024,31346,-1,3,11,45,32522.0,33001.21429,788.4446715,-1643,31390,32980,32980,32989,33497,10.35287385
08-11-2024,31346,0,4,11,45,32287.28571,32883.21429,866.9026693,-1643,31346,31390,32980,32989,32998,10.35287385
09-11-2024,32978,1,5,11,45,32285.71429,32596.0,865.4273923,-11,31346,31346,31390,32989,36999,10.40362627
10-11-2024,32500,-1,6,11,45,32217.14286,32560.35714,819.019623,-480,32978,31346,31346,32980,32999,10.38902614
11-11-2024,31969,-1,0,11,46,32072.71429,32529.71429,748.1494312,-1011,32500,32978,31346,32980,32398,10.37255324
12-11-2024,31799,-1,1,11,46,31904.0,32444.64286,633.8856364,-1181,31969,32500,32978,32980,32990,10.36722157
13-11-2024,31799,0,2,11,46,31962.42857,32359.57143,596.3496897,409,31799,31969,32500,31390,32990,10.36722157
14-11-2024,31790,-1,3,11,46,32025.85714,32273.92857,540.89168,444,31799,31799,31969,31346,32989,10.36693851
15-11-2024,31790,0,4,11,46,32089.28571,32188.28571,469.1558782,444,31790,31799,31799,31346,32989,10.36693851
16-11-2024,31790,0,5,11,46,31919.57143,32102.64286,264.1911285,-1188,31790,31790,31799,32978,32989,10.36693851
17-11-2024,31790,0,6,11,46,31818.14286,32017.64286,66.65690405,-710,31790,31790,31790,32500,32980,10.36693851
18-11-2024,32490,1,0,11,47,31892.57143,31982.64286,263.4753987,521,31790,31790,31790,31969,32980,10.38871841
19-11-2024,32490,0,1,11,47,31991.28571,31947.64286,340.7025654,691,32490,31790,31790,31799,32980,10.38871841
20-11-2024,32490,0,2,11,47,32090.0,32026.21429,374.1657387,691,32490,32490,31790,31799,31390,10.38871841
21-11-2024,32299,-1,3,11,47,32162.71429,32094.28571,355.1219107,509,32490,32490,32490,31790,31346,10.38282251
22-11-2024,31980,-1,4,11,47,32189.85714,32139.57143,328.1211304,190,32299,32490,32490,31790,31346,10.37289726
23-11-2024,31980,0,5,11,47,32217.0,32068.28571,295.7977913,190,31980,32299,32490,31790,32978,10.37289726
24-11-2024,31950,-1,6,11,47,32239.85714,32029.0,261.495971,160,31980,31980,32299,31790,32500,10.37195876
25-11-2024,31950,0,0,11,48,32162.71429,32027.64286,254.9736681,-540,31950,31980,31980,32490,31969,10.37195876
26-11-2024,31950,0,1,11,48,32085.57143,32038.42857,218.534404,-540,31950,31950,31980,32490,31799,10.37195876
27-11-2024,36499,1,2,11,48,32658.28571,32374.14286,1698.299219,4009,31950,31950,31950,32490,31799,10.50506754
28-11-2024,36499,0,3,11,48,33258.28571,32710.5,2213.869969,4200,36499,31950,31950,32299,31790,10.50506754
29-11-2024,36499,0,4,11,48,33903.85714,33046.85714,2427.557032,4519,36499,36499,31950,31980,31790,10.50506754
30-11-2024,36499,0,5,11,48,34549.42857,33383.21429,2431.542779,4519,36499,36499,36499,31980,31790,10.50506754
01-12-2024,36499,0,6,12,48,35199.28571,33719.57143,2219.684716,4549,36499,36499,36499,31950,31790,10.50506754
02-12-2024,35999,-1,0,12,49,35777.71429,33970.21429,1698.118048,4049,36499,36499,36499,31950,32490,10.49127422
03-12-2024,33999,-1,1,12,49,36070.42857,34078.0,932.2272357,2049,35999,36499,36499,31950,32490,10.4341158
04-12-2024,33999,0,2,12,49,35713.28571,34185.78571,1185.22652,-2500,33999,35999,36499,36499,32490,10.4341158
05-12-2024,33899,-1,3,12,49,35341.85714,34300.07143,1299.816837,-2600,33999,33999,35999,36499,32299,10.43117029
06-12-2024,33999,1,4,12,49,34984.71429,34444.28571,1272.043725,-2500,33899,33999,33999,36499,31980,10.4341158
07-12-2024,35999,1,5,12,49,34913.28571,34731.35714,1183.819484,-500,33999,33899,33999,36499,31980,10.49127422
08-12-2024,36499,1,6,12,49,34913.28571,35056.28571,1183.819484,0,35999,33999,33899,36499,31950,10.50506754
09-12-2024,36499,0,0,12,50,34984.71429,35381.21429,1272.043725,500,36499,35999,33999,35999,31950,10.50506754
10-12-2024,36499,0,1,12,50,35341.85714,35706.14286,1299.816837,2500,36499,36499,35999,33999,31950,10.50506754
11-12-2024,36499,0,2,12,50,35699.0,35706.14286,1209.683154,2500,36499,36499,36499,33999,36499,10.50506754
12-12-2024,34950,-1,3,12,50,35849.14286,35595.5,995.2554829,1051,36499,36499,36499,33899,36499,10.46170236
13-12-2024,32950,-1,4,12,50,35699.28571,35342.0,1339.651785,-1049,34950,36499,36499,33999,36499,10.40277689
14-12-2024,32499,-1,5,12,50,35199.28571,35056.28571,1787.45636,-3500,32950,34950,36499,35999,36499,10.38899537
15-12-2024,32499,0,6,12,50,34627.85714,34770.57143,1935.913775,-4000,32499,32950,34950,36499,36499,10.38899537
16-12-2024,32399,-1,0,12,51,34042.14286,34513.42857,1895.247251,-4100,32499,32499,32950,36499,35999,10.3859137
17-12-2024,33499,1,1,12,51,33613.57143,34477.71429,1555.898225,-3000,32399,32499,32499,36499,33999,10.41930072
18-12-2024,32320,-1,2,12,51,33016.57143,34357.78571,946.7208066,-4179,33499,32399,32499,36499,33999,10.38347245
19-12-2024,32999,1,3,12,51,32737.85714,34293.5,427.4094167,-1951,32320,33499,32399,34950,33899,10.40426284
20-12-2024,33999,1,4,12,51,32887.71429,34293.5,643.4735722,1049,32999,32320,33499,32950,33999,10.4341158
21-12-2024,35999,1,5,12,51,33387.71429,34293.5,1307.883113,3500,33999,32999,32320,32499,35999,10.49127422
22-12-2024,33999,-1,6,12,51,33602.0,34114.92857,1260.011772,1500,35999,33999,32999,32499,36499,10.4341158
23-12-2024,36499,1,0,12,52,34187.71429,34114.92857,1531.325647,4100,33999,35999,33999,32399,36499,10.50506754
24-12-2024,36999,1,1,12,52,34687.71429,34150.64286,1814.237647,3500,36499,33999,35999,33499,36499,10.51867319
25-12-2024,33999,-1,2,12,52,34927.57143,33972.07143,1539.171082,1679,36999,36499,33999,32320,36499,10.4341158
26-12-2024,33999,0,3,12,52,35070.42857,33904.14286,1367.131164,1000,33999,36999,36499,32999,34950,10.4341158
27-12-2024,33999,0,4,12,52,35070.42857,33979.07143,1367.131164,0,33999,33999,36999,33999,32950,10.4341158
28-12-2024,33999,0,5,12,52,34784.71429,34086.21429,1349.603116,-2000,33999,33999,33999,35999,32499,10.4341158
29-12-2024,33999,0,6,12,52,34784.71429,34193.35714,1349.603116,0,33999,33999,33999,33999,32499,10.4341158
30-12-2024,33999,0,0,12,1,34427.57143,34307.64286,1133.893419,-2500,33999,33999,33999,36499,32399,10.4341158
31-12-2024,33499,-1,1,12,1,33927.57143,34307.64286,188.9822365,-3500,33999,33999,33999,36999,33499,10.41930072
01-01-2025,33499,0,2,1,1,33856.14286,34391.85714,243.9750182,-500,33499,33999,33999,33999,32320,10.41930072
02-01-2025,33499,0,3,1,1,33784.71429,34427.57143,267.2612419,-500,33499,33499,33999,33999,32999,10.41930072
03-01-2025,33990,1,4,1,1,33783.42857,34426.92857,266.0775934,-9,33499,33499,33499,33999,33999,10.43385106
04-01-2025,35499,1,5,1,1,33997.71429,34391.21429,707.1149634,1500,33990,33499,33499,33999,35999,10.47728798
05-01-2025,39999,1,6,1,1,34854.85714,34819.78571,2376.013498,6000,35499,33990,33499,33999,33999,10.59663473
06-01-2025,39999,0,0,1,2,35712.0,35069.78571,3012.736796,6000,39999,35499,33990,33999,36499,10.59663473
07-01-2025,39999,0,1,1,2,36640.57143,35284.07143,3212.080938,6500,39999,39999,35499,33499,36999,10.59663473
08-01-2025,33999,-1,2,1,2,36712.0,35284.07143,3135.216579,500,39999,39999,39999,33499,33999,10.4341158
09-01-2025,33990,-1,3,1,2,36782.14286,35283.42857,3055.840661,491,33999,39999,39999,33499,33999,10.43385106
10-01-2025,33200,-1,4,1,2,36669.28571,35226.35714,3187.880734,-790,33990,33999,39999,33990,33999,10.41033527
11-01-2025,33200,0,5,1,2,36340.85714,35169.28571,3437.218324,-2299,33200,33990,33999,35499,33999,10.41033527
12-01-2025,33199,-1,6,1,2,35369.42857,35112.14286,3182.513726,-6800,33200,33200,33990,39999,33999,10.41030515
13-01-2025,29999,-1,0,1,3,33940.85714,34826.42857,2997.032389,-10000,33199,33200,33200,39999,33999,10.30895266
14-01-2025,31999,1,1,1,3,32798.0,34719.28571,1403.571397,-8000,29999,33199,33200,39999,33499,10.37349118
15-01-2025,31999,0,2,1,3,32512.28571,34612.14286,1319.384164,-2000,31999,29999,33199,33999,33499,10.37349118
16-01-2025,33999,1,3,1,3,32513.57143,34647.85714,1321.06748,9,31999,31999,29999,33990,33499,10.4341158
17-01-2025,31999,-1,4,1,3,32342.0,34505.64286,1294.788142,-1201,33999,31999,31999,33200,33990,10.37349118
18-01-2025,33999,1,5,1,3,32456.14286,34398.5,1412.86605,799,31999,33999,31999,33200,35499,10.4341158
19-01-2025,31999,-1,6,1,3,32284.71429,33827.07143,1380.131119,-1200,33999,31999,33999,33199,39999,10.37349118
20-01-2025,31999,0,0,1,4,32570.42857,33255.64286,975.9000729,2000,31999,33999,31999,29999,39999,10.37349118
21-01-2025,31999,0,1,1,4,32570.42857,32684.21429,975.9000729,0,31999,31999,33999,31999,39999,10.37349118
22-01-2025,31999,0,2,1,4,32570.42857,32541.35714,975.9000729,0,31999,31999,31999,31999,33999,10.37349118
23-01-2025,33999,1,3,1,4,32570.42857,32542.0,975.9000729,0,31999,31999,31999,33999,33990,10.4341158
24-01-2025,33999,0,4,1,4,32856.14286,32599.07143,1069.044968,2000,33999,31999,31999,31999,33200,10.4341158
25-01-2025,33999,0,5,1,4,32856.14286,32656.14286,1069.044968,0,33999,33999,31999,33999,33200,10.4341158
26-01-2025,33999,0,6,1,4,33141.85714,32713.28571,1069.044968,2000,33999,33999,33999,31999,33199,10.4341158
27-01-2025,33999,0,0,1,5,33427.57143,32999.0,975.9000729,2000,33999,33999,33999,31999,29999,10.4341158
28-01-2025,32700,-1,1,1,5,33527.71429,33049.07143,829.9226298,701,33999,33999,33999,31999,31999,10.39516094
29-01-2025,33999,1,2,1,5,33813.42857,33191.92857,490.9758504,2000,32700,33999,33999,31999,31999,10.4341158
30-01-2025,32990,-1,3,1,5,33669.28571,33119.85714,569.2833841,-1009,33999,32700,33999,33999,33999,10.40399008
31-01-2025,32490,-1,4,1,5,33453.71429,33154.92857,695.3665015,-1509,32990,33999,32700,33999,31999,10.38871841
01-02-2025,32480,-1,5,2,5,33236.71429,33046.42857,732.8446207,-1519,32490,32990,33999,33999,33999,10.38841058
02-02-2025,32475,-1,6,2,5,33019.0,33080.42857,693.9860709,-1524,32480,32490,32990,33999,31999,10.38825663
03-02-2025,32399,-1,0,2,6,32790.42857,33109.0,569.7931956,-1600,32475,32480,32490,33999,31999,10.3859137
04-02-2025,32399,0,1,2,6,32747.42857,33137.57143,588.795623,-301,32399,32475,32480,32700,31999,10.3859137
05-02-2025,32399,0,2,2,6,32518.85714,33166.14286,211.8721537,-1600,32399,32399,32475,33999,31999,10.3859137
06-02-2025,32399,0,3,2,6,32434.42857,33051.85714,44.40667046,-591,32399,32399,32399,32990,33999,10.3859137
07-02-2025,32399,0,4,2,6,32421.42857,32937.57143,38.33126289,-91,32399,32399,32399,32490,33999,10.3859137
08-02-2025,32390,-1,5,2,6,32408.57143,32822.64286,29.48365165,-90,32399,32399,32399,32480,33999,10.38563589
09-02-2025,32390,0,6,2,6,32396.42857,32707.71429,4.391550338,-85,32390,32399,32399,32475,33999,10.38563589
10-02-2025,32390,0,0,2,7,32395.14286,32592.78571,4.810702363,-9,32390,32390,32399,32399,33999,10.38563589
11-02-2025,32390,0,1,2,7,32393.85714,32570.64286,4.810702363,-9,32390,32390,32390,32399,32700,10.38563589
12-02-2025,32385,-1,2,2,7,32391.85714,32455.35714,5.209880731,-14,32390,32390,32390,32399,33999,10.38548151
13-02-2025,32385,0,3,2,7,32389.85714,32412.14286,4.670066798,-14,32385,32390,32390,32399,32990,10.38548151
14-02-2025,32385,0,4,2,7,32387.85714,32404.64286,2.672612435,-14,32385,32385,32390,32399,32490,10.38548151
15-02-2025,32385,0,5,2,7,32387.14286,32397.85714,2.672612435,-5,32385,32385,32385,32390,32480,10.38548151
16-02-2025,32385,0,6,2,7,32386.42857,32391.42857,2.4397502,-5,32385,32385,32385,32390,32475,10.38548151
17-02-2025,32385,0,0,2,8,32385.71429,32390.42857,1.889822388,-5,32385,32385,32385,32390,32399,10.38548151
18-02-2025,32385,0,1,2,8,32385.0,32389.42857,0.0,-5,32385,32385,32385,32390,32399,10.38548151
19-02-2025,32385,0,2,2,8,32385.0,32388.42857,0.0,0,32385,32385,32385,32385,32399,10.38548151
20-02-2025,32385,0,3,2,8,32385.0,32387.42857,0.0,0,32385,32385,32385,32385,32399,10.38548151
21-02-2025,32385,0,4,2,8,32385.0,32386.42857,0.0,0,32385,32385,32385,32385,32399,10.38548151
22-02-2025,32385,0,5,2,8,32385.0,32386.07143,0.0,0,32385,32385,32385,32385,32390,10.38548151
23-02-2025,32385,0,6,2,8,32385.0,32385.71429,0.0,0,32385,32385,32385,32385,32390,10.38548151
24-02-2025,32360,-1,0,2,9,32381.42857,32383.57143,9.44911183,-25,32385,32385,32385,32385,32390,10.38470927
25-02-2025,32990,1,1,2,9,32467.85714,32426.42857,230.4317893,605,32360,32385,32385,32385,32390,10.40399008
26-02-2025,32900,-1,2,2,9,32541.42857,32463.21429,277.0636853,515,32990,32360,32385,32385,32385,10.40125833
27-02-2025,33450,1,3,2,9,32693.57143,32539.28571,428.0937814,1065,32900,32990,32360,32385,32385,10.41783696
28-02-2025,33200,-1,4,2,9,32810.0,32597.5,440.8230938,815,33450,32900,32990,32385,32385,10.41033527
01-03-2025,32499,-1,5,3,9,32826.28571,32605.64286,424.3012744,114,33200,33450,32900,32385,32385,10.38899537
02-03-2025,33350,1,6,3,9,32964.14286,32674.57143,413.662676,965,32499,33200,33450,32385,32385,10.41484304
03-03-2025,33800,1,0,3,10,33169.85714,32775.64286,421.1375185,1440,33350,32499,33200,32360,32385,10.42824567
04-03-2025,33800,0,1,3,10,33285.57143,32876.71429,471.7244454,810,33800,33350,32499,32990,32385,10.42824567
05-03-2025,33899,1,2,3,10,33428.28571,32984.85714,486.5184869,999,33800,33800,33350,32900,32385,10.43117029
06-03-2025,33350,-1,3,3,10,33414.0,33053.78571,487.2422395,-100,33899,33800,33800,33450,32385,10.41484304
07-03-2025,33499,1,4,3,10,33456.71429,33133.35714,478.3805021,299,33350,33899,33800,33200,32385,10.41930072
08-03-2025,32470,-1,5,3,10,33452.57143,33139.42857,488.0839604,-29,33499,33350,33899,32499,32385,10.38810266
09-03-2025,32470,0,6,3,10,33326.85714,33145.5,615.5827669,-880,32470,33499,33350,33350,32385,10.38810266
10-03-2025,32799,1,0,3,11,33183.85714,33176.85714,603.5007397,-1001,32470,32470,33499,33800,32360,10.39818379
11-03-2025,32499,-1,1,3,11,32998.0,33141.78571,582.0761691,-1301,32799,32470,32470,33800,32990,10.38899537
12-03-2025,32499,0,2,3,11,32798.0,33113.14286,445.3605281,-1400,32499,32799,32470,33899,32900,10.38899537
13-03-2025,32499,0,3,3,11,32676.42857,33045.21429,381.0764828,-851,32499,32499,32799,33350,33450,10.38899537
14-03-2025,30599,-1,4,3,11,32262.14286,32859.42857,742.6274141,-2900,32499,32499,32499,33499,33200,10.32875529
15-03-2025,30599,0,5,3,11,31994.85714,32723.71429,960.1840845,-1871,30599,32499,32499,32470,32499,10.32875529
16-03-2025,30599,0,6,3,11,31727.57143,32527.21429,1060.996836,-1871,30599,30599,32499,32470,33350,10.32875529
17-03-2025,32499,1,0,3,12,31684.71429,32434.28571,1015.592719,-300,30599,30599,30599,32799,33800,10.38899537
18-03-2025,32340,-1,1,3,12,31662.0,32330.0,995.9332307,-159,32499,30599,30599,32499,33800,10.38409105
19-03-2025,32190,-1,2,3,12,31617.85714,32207.92857,958.8076673,-309,32340,32499,30599,32499,33899,10.37944219
20-03-2025,32160,-1,3,3,12,31569.42857,32122.92857,914.4180038,-339,32190,32340,32499,32499,33350,10.37850982
21-03-2025,32170,1,4,3,12,31793.85714,32028.0,824.9584694,1571,32160,32190,32340,30599,33499,10.3788207
22-03-2025,32170,0,5,3,12,32018.28571,32006.57143,638.3000116,1571,32170,32160,32190,30599,32470,10.3788207
23-03-2025,31999,-1,6,3,12,32218.28571,31972.92857,158.4095055,1400,32170,32170,32160,30599,32470,10.37349118
24-03-2025,31999,0,0,3,13,32146.85714,31915.78571,118.4151293,-500,31999,32170,32170,32499,32799,10.37349118
25-03-2025,31999,0,1,3,13,32098.14286,31880.07143,93.16549535,-341,31999,31999,32170,32340,32499,10.37349118
26-03-2025,31899,-1,2,3,13,32056.57143,31837.21429,108.9355423,-291,31999,31999,31999,32190,32499,10.37036129
27-03-2025,31899,0,3,3,13,32019.28571,31794.35714,112.2507822,-261,31899,31999,31999,32160,32499,10.37036129
28-03-2025,31899,0,4,3,13,31980.57143,31887.21429,97.35135189,-271,31899,31899,31999,32170,30599,10.37036129
29-03-2025,31898,-1,5,3,13,31941.71429,31980.0,53.58704534,-272,31899,31899,31899,32170,30599,10.37032994
30-03-2025,31898,0,6,3,13,31927.28571,32072.78571,48.99222485,-101,31898,31899,31899,31999,30599,10.37032994
31-03-2025,31898,0,0,3,14,31912.85714,32029.85714,37.98872013,-101,31898,31898,31899,31999,32499,10.37032994
01-04-2025,32149,1,1,4,14,31934.28571,32016.21429,94.68142072,150,31898,31898,31898,31999,32340,10.37816773
02-04-2025,32270,1,2,4,14,31987.28571,32021.92857,155.7687541,371,32149,31898,31898,31899,32190,10.38192427
03-04-2025,32270,0,3,4,14,32040.28571,32029.78571,181.6835291,371,32270,32149,31898,31899,32160,10.38192427
04-04-2025,32230,-1,4,4,14,32087.57143,32034.07143,181.8569558,331,32270,32270,32149,31899,32170,10.380684
05-04-2025,32160,-1,5,4,14,32125.0,32033.35714,162.2415894,262,32230,32270,32270,31898,32170,10.37850982
06-04-2025,31998,-1,6,4,14,32139.28571,32033.28571,142.071243,100,32160,32230,32270,31898,31999,10.37345993
07-04-2025,31960,-1,0,4,15,32148.14286,32030.5,125.4862922,62,31998,32160,32230,31898,31999,10.37227169
08-04-2025,31960,0,1,4,15,32121.14286,32027.71429,144.2075224,-189,31960,31998,32160,32149,31999,10.37227169
09-04-2025,31960,0,2,4,15,32076.85714,32032.07143,138.3563377,-310,31960,31960,31998,32270,31899,10.37227169
10-04-2025,31990,1,3,4,15,32036.85714,32038.57143,110.976617,-280,31960,31960,31960,32270,31899,10.37320989
11-04-2025,32499,1,4,4,15,32075.28571,32081.42857,199.9289159,269,31990,31960,31960,32230,31899,10.38899537
12-04-2025,31999,-1,5,4,15,32052.28571,32088.64286,197.8085895,-161,32499,31990,31960,32160,31898,10.37349118
13-04-2025,31999,0,6,4,15,32052.42857,32095.85714,197.7632062,1,31999,32499,31990,31998,31898,10.37349118
14-04-2025,32100,1,0,4,16,32072.42857,32110.28571,193.8993357,140,31999,31999,32499,31960,31898,10.37664246
15-04-2025,31890,-1,1,4,16,32062.42857,32091.78571,202.2876311,-70,32100,31999,31999,31960,32149,10.37007912
16-04-2025,31800,-1,2,4,16,32039.57143,32058.21429,223.6968612,-160,31890,32100,31999,31960,32270,10.36725301
17-04-2025,31700,-1,3,4,16,31998.14286,32017.5,258.5468549,-290,31800,31890,32100,31990,32270,10.36410351
18-04-2025,31670,-1,4,4,16,31879.71429,31977.5,163.1570964,-829,31700,31800,31890,32499,32230,10.36315671
19-04-2025,31399,-1,5,4,16,31794.0,31923.14286,232.7910365,-600,31670,31700,31800,31999,32160,10.35456317
20-04-2025,31399,0,6,4,16,31708.28571,31880.35714,254.2051103,-600,31399,31670,31700,31999,31998,10.35456317
21-04-2025,31399,0,0,4,17,31608.14286,31840.28571,208.0620329,-701,31399,31399,31670,32100,31960,10.35456317
22-04-2025,31399,0,1,4,17,31538.0,31800.21429,177.7620132,-491,31399,31399,31399,31890,31960,10.35456317
23-04-2025,31399,0,2,4,17,31480.71429,31760.14286,139.822166,-401,31399,31399,31399,31800,31960,10.35456317
24-04-2025,31999,1,3,4,17,31523.42857,31760.78571,232.7601463,299,31399,31399,31399,31700,31990,10.37349118
25-04-2025,31999,0,4,4,17,31570.42857,31725.07143,292.7700219,329,31999,31399,31399,31670,32499,10.37349118
26-04-2025,31990,-1,5,4,17,31654.85714,31724.42857,319.1240243,591,31999,31999,31399,31399,31999,10.37320989
27-04-2025,31990,0,6,4,17,31739.28571,31723.78571,318.3293443,591,31990,31999,31999,31399,31999,10.37320989
28-04-2025,27999,-1,0,4,18,31253.57143,31430.85714,1462.333507,-3400,31990,31990,31999,31399,32100,10.23995979
29-04-2025,27999,0,1,4,18,30767.85714,31152.92857,1903.950842,-3400,27999,31990,31990,31399,31890,10.23995979
30-04-2025,27999,0,2,4,18,30282.14286,30881.42857,2135.687745,-3400,27999,27999,31990,31399,31800,10.23995979
01-05-2025,26998,-1,3,5,18,29567.71429,30545.57143,2296.087666,-5001,27999,27999,27999,31999,31700,10.20355511
02-05-2025,26999,1,4,5,18,28853.42857,30211.92857,2188.904814,-5000,26998,27999,27999,31999,31670,10.20359214
03-05-2025,26999,0,5,5,18,28140.42857,29897.64286,1769.654755,-4991,26999,26998,27999,31990,31399,10.20359214
04-05-2025,26999,0,6,5,18,27427.42857,29583.35714,534.6562313,-4991,26999,26999,26998,31990,31399,10.20359214
05-05-2025,26999,0,0,5,19,27284.57143,29269.07143,488.0477631,-1000,26999,26999,26999,27999,31399,10.20359214
06-05-2025,26999,0,1,5,19,27141.71429,28954.78571,378.0276508,-1000,26999,26999,26999,27999,31399,10.20359214
07-05-2025,26999,0,2,5,19,26998.85714,28640.5,0.3779645,-1000,26999,26999,26999,27999,31399,10.20359214
08-05-2025,26999,0,3,5,19,26999.0,28283.35714,0.0,1,26999,26999,26999,26998,31999,10.20359214
09-05-2025,26999,0,4,5,19,26999.0,27926.21429,0.0,0,26999,26999,26999,26999,31999,10.20359214
10-05-2025,26999,0,5,5,19,26999.0,27569.71429,0.0,0,26999,26999,26999,26999,31990,10.20359214
11-05-2025,26999,0,6,5,19,26999.0,27213.21429,0.0,0,26999,26999,26999,26999,31990,10.20359214
12-05-2025,26999,0,0,5,20,26999.0,27141.78571,0.0,0,26999,26999,26999,26999,27999,10.20359214
13-05-2025,26890,-1,1,5,20,26983.42857,27062.57143,41.19812756,-109,26999,26999,26999,26999,27999,10.19954694
14-05-2025,26999,1,2,5,20,26983.42857,26991.14286,41.19812756,0,26890,26999,26999,26999,27999,10.20359214
15-05-2025,27999,1,3,5,20,27126.28571,27062.64286,386.9688679,1000,26999,26890,26999,26999,26998,10.23995979
16-05-2025,27999,0,4,5,20,27269.14286,27134.07143,500.1734461,1000,27999,26999,26890,26999,26999,10.23995979
17-05-2025,25999,-1,5,5,20,27126.28571,27062.64286,695.0382997,-1000,27999,27999,26999,26999,26999,10.16585182
18-05-2025,25999,0,6,5,20,26983.42857,26991.21429,817.5352912,-1000,25999,27999,27999,26999,26999,10.16585182
19-05-2025,25999,0,0,5,21,26840.57143,26919.78571,897.7920801,-1000,25999,25999,27999,26999,26999,10.16585182
20-05-2025,25999,0,1,5,21,26713.28571,26848.35714,951.1897312,-891,25999,25999,25999,26890,26999,10.16585182
21-05-2025,25999,0,2,5,21,26570.42857,26776.92857,975.9000729,-1000,25999,25999,25999,26999,26999,10.16585182
22-05-2025,25999,0,3,5,21,26284.71429,26705.5,755.928946,-2000,25999,25999,25999,27999,26999,10.16585182
23-05-2025,25999,0,4,5,21,25999.0,26634.07143,0.0,-2000,25999,25999,25999,27999,26999,10.16585182
24-05-2025,24999,-1,5,5,21,25856.14286,26491.21429,377.964473,-1000,25999,25999,25999,25999,26999,10.1266311
25-05-2025,25999,1,6,5,21,25856.14286,26419.78571,377.964473,0,24999,25999,25999,25999,26999,10.16585182
26-05-2025,27999,1,0,5,22,26141.85714,26491.21429,899.7354108,2000,25999,24999,25999,25999,26999,10.23995979
27-05-2025,27999,0,1,5,22,26427.57143,26570.42857,1133.893419,2000,27999,25999,24999,25999,26890,10.23995979
28-05-2025,27999,0,2,5,22,26713.28571,26641.85714,1253.566341,2000,27999,27999,25999,25999,26999,10.23995979
29-05-2025,29999,1,3,5,22,27284.71429,26784.71429,1704.336206,4000,27999,27999,27999,25999,27999,10.30895266
30-05-2025,29999,0,4,5,22,27856.14286,26927.57143,1864.454471,4000,29999,27999,27999,25999,27999,10.30895266
31-05-2025,25999,-1,5,5,22,27999.0,26927.57143,1632.993162,1000,29999,29999,27999,24999,25999,10.16585182
01-06-2025,25999,0,6,6,22,27999.0,26927.57143,1632.993162,0,25999,29999,29999,25999,25999,10.16585182
02-06-2025,25999,0,0,6,23,27713.28571,26927.57143,1799.470822,-2000,25999,25999,29999,27999,25999,10.16585182
03-06-2025,27999,1,1,6,23,27713.28571,27070.42857,1799.470822,0,25999,25999,25999,27999,25999,10.23995979
04-06-2025,25999,-1,2,6,23,27427.57143,27070.42857,1902.379462,-2000,27999,25999,25999,27999,25999,10.16585182
05-06-2025,25999,0,3,6,23,26856.14286,27070.42857,1573.591585,-4000,25999,27999,25999,29999,25999,10.16585182
06-06-2025,25999,0,4,6,23,26284.71429,27070.42857,755.928946,-4000,25999,25999,27999,29999,25999,10.16585182
07-06-2025,25999,0,5,6,23,26284.71429,27141.85714,755.928946,0,25999,25999,25999,25999,24999,10.16585182
08-06-2025,25999,0,6,6,23,26284.71429,27141.85714,755.928946,0,25999,25999,25999,25999,25999,10.16585182
09-06-2025,25999,0,0,6,24,26284.71429,26999.0,755.928946,0,25999,25999,25999,25999,27999,10.16585182
10-06-2025,25999,0,1,6,24,25999.0,26856.14286,0.0,-2000,25999,25999,25999,27999,27999,10.16585182
11-06-2025,25999,0,2,6,24,25999.0,26713.28571,0.0,0,25999,25999,25999,25999,27999,10.16585182
12-06-2025,25999,0,3,6,24,25999.0,26427.57143,0.0,0,25999,25999,25999,25999,29999,10.16585182
13-06-2025,25999,0,4,6,24,25999.0,26141.85714,0.0,0,25999,25999,25999,25999,29999,10.16585182
14-06-2025,25999,0,5,6,24,25999.0,26141.85714,0.0,0,25999,25999,25999,25999,25999,10.16585182
15-06-2025,25999,0,6,6,24,25999.0,26141.85714,0.0,0,25999,25999,25999,25999,25999,10.16585182
16-06-2025,25999,0,0,6,25,25999.0,26141.85714,0.0,0,25999,25999,25999,25999,25999,10.16585182
17-06-2025,25999,0,1,6,25,25999.0,25999.0,0.0,0,25999,25999,25999,25999,27999,10.16585182
18-06-2025,25999,0,2,6,25,25999.0,25999.0,0.0,0,25999,25999,25999,25999,25999,10.16585182
19-06-2025,25999,0,3,6,25,25999.0,25999.0,0.0,0,25999,25999,25999,25999,25999,10.16585182
20-06-2025,25999,0,4,6,25,25999.0,25999.0,0.0,0,25999,25999,25999,25999,25999,10.16585182
21-06-2025,25999,0,5,6,25,25999.0,25999.0,0.0,0,25999,25999,25999,25999,25999,10.16585182
22-06-2025,25999,0,6,6,25,25999.0,25999.0,0.0,0,25999,25999,25999,25999,25999,10.16585182
23-06-2025,25999,0,0,6,26,25999.0,25999.0,0.0,0,25999,25999,25999,25999,25999,10.16585182
24-06-2025,25999,0,1,6,26,25999.0,25999.0,0.0,0,25999,25999,25999,25999,25999,10.16585182
25-06-2025,25999,0,2,6,26,25999.0,25999.0,0.0,0,25999,25999,25999,25999,25999,10.16585182
26-06-2025,25999,0,3,6,26,25999.0,25999.0,0.0,0,25999,25999,25999,25999,25999,10.16585182
27-06-2025,25999,0,4,6,26,25999.0,25999.0,0.0,0,25999,25999,25999,25999,25999,10.16585182
28-06-2025,25999,0,5,6,26,25999.0,25999.0,0.0,0,25999,25999,25999,25999,25999,10.16585182
29-06-2025,25999,0,6,6,26,25999.0,25999.0,0.0,0,25999,25999,25999,25999,25999,10.16585182
30-06-2025,25999,0,0,6,27,25999.0,25999.0,0.0,0,25999,25999,25999,25999,25999,10.16585182
01-07-2025,25999,0,1,7,27,25999.0,25999.0,0.0,0,25999,25999,25999,25999,25999,10.16585182
02-07-2025,25999,0,2,7,27,25999.0,25999.0,0.0,0,25999,25999,25999,25999,25999,10.16585182
03-07-2025,25999,0,3,7,27,25999.0,25999.0,0.0,0,25999,25999,25999,25999,25999,10.16585182
04-07-2025,25999,0,4,7,27,25999.0,25999.0,0.0,0,25999,25999,25999,25999,25999,10.16585182
05-07-2025,25999,0,5,7,27,25999.0,25999.0,0.0,0,25999,25999,25999,25999,25999,10.16585182
06-07-2025,29999,1,6,7,27,26570.42857,26284.71429,1511.857892,4000,25999,25999,25999,25999,25999,10.30895266
07-07-2025,27999,-1,0,7,28,26856.14286,26427.57143,1573.591585,2000,29999,25999,25999,25999,25999,10.23995979
08-07-2025,27999,0,1,7,28,27141.85714,26570.42857,1573.591585,2000,27999,29999,25999,25999,25999,10.23995979
09-07-2025,26000,-1,2,7,28,27142.0,26570.5,1573.47058,1,27999,27999,29999,25999,25999,10.16589028
10-07-2025,24999,-1,3,7,28,26999.14286,26499.07143,1731.954621,-1000,26000,27999,27999,25999,25999,10.1266311
11-07-2025,24999,0,4,7,28,26856.28571,26427.64286,1864.377887,-1000,24999,26000,27999,25999,25999,10.1266311
12-07-2025,24999,0,5,7,28,26713.42857,26356.21429,1975.98683,-1000,24999,24999,26000,25999,25999,10.1266311
13-07-2025,24999,0,6,7,28,25999.14286,26284.78571,1414.213613,-5000,24999,24999,24999,29999,25999,10.1266311
14-07-2025,24999,0,0,7,29,25570.57143,26213.35714,1133.956474,-3000,24999,24999,24999,27999,25999,10.1266311
15-07-2025,24999,0,1,7,29,25142.0,26141.92857,378.3424375,-3000,24999,24999,24999,27999,25999,10.1266311
16-07-2025,26999,1,2,7,29,25284.71429,26213.35714,755.928946,999,24999,24999,24999,26000,25999,10.20359214
17-07-2025,26999,0,3,7,29,25570.42857,26284.78571,975.9000729,2000,26999,24999,24999,24999,25999,10.20359214
18-07-2025,26999,0,4,7,29,25856.14286,26356.21429,1069.044968,2000,26999,26999,24999,24999,25999,10.20359214
19-07-2025,25999,-1,5,7,29,25999.0,26356.21429,1000.0,1000,26999,26999,26999,24999,25999,10.16585182
20-07-2025,26999,1,6,7,29,26284.71429,26141.92857,951.1897312,2000,25999,26999,26999,24999,29999,10.20359214
21-07-2025,26999,0,0,7,30,26570.42857,26070.5,786.7957925,2000,26999,25999,26999,24999,27999,10.20359214
22-07-2025,26999,0,1,7,30,26856.14286,25999.07143,377.964473,2000,26999,26999,25999,24999,27999,10.20359214
23-07-2025,26000,-1,2,7,30,26713.42857,25999.07143,487.7061469,-999,26999,26999,26999,26999,26000,10.16589028
24-07-2025,26000,0,3,7,30,26570.71429,26070.57143,534.1662395,-999,26000,26999,26999,26999,24999,10.16589028
25-07-2025,26999,1,4,7,30,26570.71429,26213.42857,534.1662395,0,26000,26000,26999,26999,24999,10.20359214
26-07-2025,26999,0,5,7,30,26713.57143,26356.28571,487.4620864,1000,26999,26000,26000,25999,24999,10.20359214
27-07-2025,25435,-1,6,7,30,26490.14286,26387.42857,662.0106818,-1564,26999,26999,26000,26999,24999,10.14392077
28-07-2025,27999,1,0,7,31,26633.0,26601.71429,866.4492676,1000,25435,26999,26999,26999,24999,10.23995979
29-07-2025,27999,0,1,7,31,26775.85714,26816.0,1007.765586,1000,27999,25435,26999,26999,24999,10.23995979
30-07-2025,25428,-1,2,7,31,26694.14286,26703.78571,1100.119149,-572,27999,27999,25435,26000,26999,10.14364553
31-07-2025,24999,-1,3,7,31,26551.14286,26560.92857,1258.974772,-1001,25428,27999,27999,26000,26999,10.1266311
01-08-2025,24999,0,4,8,31,26265.42857,26418.07143,1363.038745,-2000,24999,25428,27999,26999,26999,10.1266311
02-08-2025,24999,0,5,8,31,25979.71429,26346.64286,1392.930569,-2000,24999,24999,25428,26999,25999,10.1266311
03-08-2025,24999,0,6,8,31,25917.42857,26203.78571,1430.586343,-436,24999,24999,24999,25435,26999,10.1266311
04-08-2025,24999,0,0,8,32,25488.85714,26060.92857,1118.356,-3000,24999,24999,24999,27999,26999,10.1266311
05-08-2025,24999,0,1,8,32,25060.28571,25918.07143,162.1467589,-3000,24999,24999,24999,27999,26999,10.1266311
06-08-2025,24999,0,2,8,32,24999.0,25846.57143,0.0,-429,24999,24999,24999,25428,26000,10.1266311
07-08-2025,24999,0,3,8,32,24999.0,25775.07143,0.0,0,24999,24999,24999,24999,26000,10.1266311
08-08-2025,24999,0,4,8,32,24999.0,25632.21429,0.0,0,24999,24999,24999,24999,26999,10.1266311
09-08-2025,26999,1,5,8,32,25284.71429,25632.21429,755.928946,2000,24999,24999,24999,24999,26999,10.20359214
10-08-2025,26999,0,6,8,32,25570.42857,25743.92857,975.9000729,2000,26999,24999,24999,24999,25435,10.20359214
11-08-2025,26999,0,0,8,33,25856.14286,25672.5,1069.044968,2000,26999,26999,24999,24999,27999,10.20359214
12-08-2025,26999,0,1,8,33,26141.85714,25601.07143,1069.044968,2000,26999,26999,26999,24999,27999,10.20359214
13-08-2025,24999,-1,2,8,33,26141.85714,25570.42857,1069.044968,0,26999,26999,26999,24999,25428,10.1266311
14-08-2025,24999,0,3,8,33,26141.85714,25570.42857,1069.044968,0,24999,26999,26999,24999,24999,10.1266311
15-08-2025,24999,0,4,8,33,26141.85714,25570.42857,1069.044968,0,24999,24999,26999,24999,24999,10.1266311
16-08-2025,24999,0,5,8,33,25856.14286,25570.42857,1069.044968,-2000,24999,24999,24999,26999,24999,10.1266311
17-08-2025,24999,0,6,8,33,25570.42857,25570.42857,975.9000729,-2000,24999,24999,24999,26999,24999,10.1266311
18-08-2025,24999,0,0,8,34,25284.71429,25570.42857,755.928946,-2000,24999,24999,24999,26999,24999,10.1266311
19-08-2025,26999,1,1,8,34,25284.71429,25713.28571,755.928946,0,24999,24999,24999,26999,24999,10.20359214
20-08-2025,26999,0,2,8,34,25570.42857,25856.14286,975.9000729,2000,26999,24999,24999,24999,24999,10.20359214
21-08-2025,26999,0,3,8,34,25856.14286,25999.0,1069.044968,2000,26999,26999,24999,24999,24999,10.20359214
22-08-2025,26999,0,4,8,34,26141.85714,26141.85714,1069.044968,2000,26999,26999,26999,24999,24999,10.20359214
23-08-2025,26999,0,5,8,34,26427.57143,26141.85714,975.9000729,2000,26999,26999,26999,24999,26999,10.20359214
24-08-2025,26999,0,6,8,34,26713.28571,26141.85714,755.928946,2000,26999,26999,26999,24999,26999,10.20359214
25-08-2025,26999,0,0,8,35,26999.0,26141.85714,0.0,2000,26999,26999,26999,24999,26999,10.20359214
26-08-2025,26999,0,1,8,35,26999.0,26141.85714,0.0,0,26999,26999,26999,26999,26999,10.20359214
27-08-2025,26999,0,2,8,35,26999.0,26284.71429,0.0,0,26999,26999,26999,26999,24999,10.20359214
28-08-2025,26999,0,3,8,35,26999.0,26427.57143,0.0,0,26999,26999,26999,26999,24999,10.20359214
29-08-2025,26999,0,4,8,35,26999.0,26570.42857,0.0,0,26999,26999,26999,26999,24999,10.20359214
30-08-2025,26999,0,5,8,35,26999.0,26713.28571,0.0,0,26999,26999,26999,26999,24999,10.20359214
31-08-2025,26999,0,6,8,35,26999.0,26856.14286,0.0,0,26999,26999,26999,26999,24999,10.20359214
01-09-2025,26999,0,0,9,36,26999.0,26999.0,0.0,0,26999,26999,26999,26999,24999,10.20359214
02-09-2025,26999,0,1,9,36,26999.0,26999.0,0.0,0,26999,26999,26999,26999,26999,10.20359214
03-09-2025,26999,0,2,9,36,26999.0,26999.0,0.0,0,26999,26999,26999,26999,26999,10.20359214
04-09-2025,26999,0,3,9,36,26999.0,26999.0,0.0,0,26999,26999,26999,26999,26999,10.20359214
05-09-2025,26999,0,4,9,36,26999.0,26999.0,0.0,0,26999,26999,26999,26999,26999,10.20359214
06-09-2025,26999,0,5,9,36,26999.0,26999.0,0.0,0,26999,26999,26999,26999,26999,10.20359214
07-09-2025,26999,0,6,9,36,26999.0,26999.0,0.0,0,26999,26999,26999,26999,26999,10.20359214
08-09-2025,26999,0,0,9,37,26999.0,26999.0,0.0,0,26999,26999,26999,26999,26999,10.20359214
09-09-2025,26999,0,1,9,37,26999.0,26999.0,0.0,0,26999,26999,26999,26999,26999,10.20359214
10-09-2025,24999,-1,2,9,37,26713.28571,26856.14286,755.928946,-2000,26999,26999,26999,26999,26999,10.1266311
11-09-2025,24999,0,3,9,37,26427.57143,26713.28571,975.9000729,-2000,24999,26999,26999,26999,26999,10.1266311
12-09-2025,26999,1,4,9,37,26427.57143,26713.28571,975.9000729,0,24999,24999,26999,26999,26999,10.20359214
13-09-2025,26999,0,5,9,37,26427.57143,26713.28571,975.9000729,0,26999,24999,24999,26999,26999,10.20359214
14-09-2025,26999,0,6,9,37,26427.57143,26713.28571,975.9000729,0,26999,26999,24999,26999,26999,10.20359214
15-09-2025,26999,0,0,9,38,26427.57143,26713.28571,975.9000729,0,26999,26999,26999,26999,26999,10.20359214
16-09-2025,23999,-1,1,9,38,25999.0,26499.0,1290.994449,-3000,26999,26999,26999,26999,26999,10.08580911
17-09-2025,23999,0,2,9,38,25856.14286,26284.71429,1463.850109,-1000,23999,26999,26999,24999,26999,10.08580911
18-09-2025,23999,0,3,9,38,25713.28571,26070.42857,1603.567451,-1000,23999,23999,26999,24999,26999,10.08580911
19-09-2025,23999,0,4,9,38,25284.71429,25856.14286,1603.567451,-3000,23999,23999,23999,26999,26999,10.08580911
20-09-2025,23999,0,5,9,38,24856.14286,25641.85714,1463.850109,-3000,23999,23999,23999,26999,26999,10.08580911
21-09-2025,23999,0,6,9,38,24427.57143,25427.57143,1133.893419,-3000,23999,23999,23999,26999,26999,10.08580911
22-09-2025,23999,0,0,9,39,23999.0,25213.28571,0.0,-3000,23999,23999,23999,26999,26999,10.08580911
23-09-2025,23999,0,1,9,39,23999.0,24999.0,0.0,0,23999,23999,23999,23999,26999,10.08580911
24-09-2025,23999,0,2,9,39,23999.0,24927.57143,0.0,0,23999,23999,23999,23999,24999,10.08580911
25-09-2025,23999,0,3,9,39,23999.0,24856.14286,0.0,0,23999,23999,23999,23999,24999,10.08580911
26-09-2025,23999,0,4,9,39,23999.0,24641.85714,0.0,0,23999,23999,23999,23999,26999,10.08580911
27-09-2025,23999,0,5,9,39,23999.0,24427.57143,0.0,0,23999,23999,23999,23999,26999,10.08580911
28-09-2025,23999,0,6,9,39,23999.0,24213.28571,0.0,0,23999,23999,23999,23999,26999,10.08580911
29-09-2025,23999,0,0,9,40,23999.0,23999.0,0.0,0,23999,23999,23999,23999,26999,10.08580911
30-09-2025,23999,0,1,9,40,23999.0,23999.0,0.0,0,23999,23999,23999,23999,23999,10.08580911
01-10-2025,23999,0,2,10,40,23999.0,23999.0,0.0,0,23999,23999,23999,23999,23999,10.08580911
02-10-2025,23999,0,3,10,40,23999.0,23999.0,0.0,0,23999,23999,23999,23999,23999,10.08580911
03-10-2025,23999,0,4,10,40,23999.0,23999.0,0.0,0,23999,23999,23999,23999,23999,10.08580911
04-10-2025,23999,0,5,10,40,23999.0,23999.0,0.0,0,23999,23999,23999,23999,23999,10.08580911
05-10-2025,23999,0,6,10,40,23999.0,23999.0,0.0,0,23999,23999,23999,23999,23999,10.08580911
06-10-2025,23999,0,0,10,41,23999.0,23999.0,0.0,0,23999,23999,23999,23999,23999,10.08580911
07-10-2025,23999,0,1,10,41,23999.0,23999.0,0.0,0,23999,23999,23999,23999,23999,10.08580911
08-10-2025,23999,0,2,10,41,23999.0,23999.0,0.0,0,23999,23999,23999,23999,23999,10.08580911
09-10-2025,23999,0,3,10,41,23999.0,23999.0,0.0,0,23999,23999,23999,23999,23999,10.08580911
10-10-2025,23999,0,4,10,41,23999.0,23999.0,0.0,0,23999,23999,23999,23999,23999,10.08580911
11-10-2025,23999,0,5,10,41,23999.0,23999.0,0.0,0,23999,23999,23999,23999,23999,10.08580911
12-10-2025,23999,0,6,10,41,23999.0,23999.0,0.0,0,23999,23999,23999,23999,23999,10.08580911
13-10-2025,23999,0,0,10,42,23999.0,23999.0,0.0,0,23999,23999,23999,23999,23999,10.08580911
14-10-2025,23999,0,1,10,42,23999.0,23999.0,0.0,0,23999,23999,23999,23999,23999,10.08580911
15-10-2025,23999,0,2,10,42,23999.0,23999.0,0.0,0,23999,23999,23999,23999,23999,10.08580911
16-10-2025,23999,0,3,10,42,23999.0,23999.0,0.0,0,23999,23999,23999,23999,23999,10.08580911
17-10-2025,23999,0,4,10,42,23999.0,23999.0,0.0,0,23999,23999,23999,23999,23999,10.08580911
18-10-2025,23999,0,5,10,42,23999.0,23999.0,0.0,0,23999,23999,23999,23999,23999,10.08580911
19-10-2025,23999,0,6,10,42,23999.0,23999.0,0.0,0,23999,23999,23999,23999,23999,10.08580911
20-10-2025,23999,0,0,10,43,23999.0,23999.0,0.0,0,23999,23999,23999,23999,23999,10.08580911
21-10-2025,23999,0,1,10,43,23999.0,23999.0,0.0,0,23999,23999,23999,23999,23999,10.08580911
22-10-2025,23999,0,2,10,43,23999.0,23999.0,0.0,0,23999,23999,23999,23999,23999,10.08580911
23-10-2025,23999,0,3,10,43,23999.0,23999.0,0.0,0,23999,23999,23999,23999,23999,10.08580911
24-10-2025,23999,0,4,10,43,23999.0,23999.0,0.0,0,23999,23999,23999,23999,23999,10.08580911
25-10-2025,23999,0,5,10,43,23999.0,23999.0,0.0,0,23999,23999,23999,23999,23999,10.08580911
26-10-2025,23999,0,6,10,43,23999.0,23999.0,0.0,0,23999,23999,23999,23999,23999,10.08580911
27-10-2025,23999,0,0,10,44,23999.0,23999.0,0.0,0,23999,23999,23999,23999,23999,10.08580911
28-10-2025,23999,0,1,10,44,23999.0,23999.0,0.0,0,23999,23999,23999,23999,23999,10.08580911
29-10-2025,23999,0,2,10,44,23999.0,23999.0,0.0,0,23999,23999,23999,23999,23999,10.08580911
30-10-2025,23999,0,3,10,44,23999.0,23999.0,0.0,0,23999,23999,23999,23999,23999,10.08580911
31-10-2025,23999,0,4,10,44,23999.0,23999.0,0.0,0,23999,23999,23999,23999,23999,10.08580911
01-11-2025,23999,0,5,11,44,23999.0,23999.0,0.0,0,23999,23999,23999,23999,23999,10.08580911
02-11-2025,24999,1,6,11,44,24141.85714,24070.42857,377.964473,1000,23999,23999,23999,23999,23999,10.1266311
03-11-2025,24999,0,0,11,45,24284.71429,24141.85714,487.9500365,1000,24999,23999,23999,23999,23999,10.1266311
04-11-2025,24999,0,1,11,45,24427.57143,24213.28571,534.5224838,1000,24999,24999,23999,23999,23999,10.1266311
05-11-2025,24999,0,2,11,45,24570.42857,24284.71429,534.5224838,1000,24999,24999,24999,23999,23999,10.1266311
06-11-2025,24999,0,3,11,45,24713.28571,24356.14286,487.9500365,1000,24999,24999,24999,23999,23999,10.1266311
07-11-2025,24999,0,4,11,45,24856.14286,24427.57143,377.964473,1000,24999,24999,24999,23999,23999,10.1266311
08-11-2025,24999,0,5,11,45,24999.0,24499.0,0.0,1000,24999,24999,24999,23999,23999,10.1266311
09-11-2025,24999,0,6,11,45,24999.0,24570.42857,0.0,0,24999,24999,24999,24999,23999,10.1266311
10-11-2025,24999,0,0,11,46,24999.0,24641.85714,0.0,0,24999,24999,24999,24999,23999,10.1266311
11-11-2025,24999,0,1,11,46,24999.0,24713.28571,0.0,0,24999,24999,24999,24999,23999,10.1266311
12-11-2025,24999,0,2,11,46,24999.0,24784.71429,0.0,0,24999,24999,24999,24999,23999,10.1266311
13-11-2025,24999,0,3,11,46,24999.0,24856.14286,0.0,0,24999,24999,24999,24999,23999,10.1266311
14-11-2025,24999,0,4,11,46,24999.0,24927.57143,0.0,0,24999,24999,24999,24999,23999,10.1266311
15-11-2025,23999,-1,5,11,46,24856.14286,24927.57143,377.964473,-1000,24999,24999,24999,24999,23999,10.08580911
16-11-2025,23999,0,6,11,46,24713.28571,24856.14286,487.9500365,-1000,23999,24999,24999,24999,24999,10.08580911
17-11-2025,23999,0,0,11,47,24570.42857,24784.71429,534.5224838,-1000,23999,23999,24999,24999,24999,10.08580911
18-11-2025,23999,0,1,11,47,24427.57143,24713.28571,534.5224838,-1000,23999,23999,23999,24999,24999,10.08580911
19-11-2025,23999,0,2,11,47,24284.71429,24641.85714,487.9500365,-1000,23999,23999,23999,24999,24999,10.08580911
20-11-2025,23999,0,3,11,47,24141.85714,24570.42857,377.964473,-1000,23999,23999,23999,24999,24999,10.08580911
21-11-2025,23999,0,4,11,47,23999.0,24499.0,0.0,-1000,23999,23999,23999,24999,24999,10.08580911
22-11-2025,23999,0,5,11,47,23999.0,24427.57143,0.0,0,23999,23999,23999,23999,24999,10.08580911
23-11-2025,23999,0,6,11,47,23999.0,24356.14286,0.0,0,23999,23999,23999,23999,24999,10.08580911
24-11-2025,23999,0,0,11,48,23999.0,24284.71429,0.0,0,23999,23999,23999,23999,24999,10.08580911
25-11-2025,23999,0,1,11,48,23999.0,24213.28571,0.0,0,23999,23999,23999,23999,24999,10.08580911
26-11-2025,23999,0,2,11,48,23999.0,24141.85714,0.0,0,23999,23999,23999,23999,24999,10.08580911
27-11-2025,23999,0,3,11,48,23999.0,24070.42857,0.0,0,23999,23999,23999,23999,24999,10.08580911
28-11-2025,23998,-1,4,11,48,23998.85714,23998.92857,0.377964525,-1,23999,23999,23999,23999,24999,10.08576744
29-11-2025,23998,0,5,11,48,23998.71429,23998.85714,0.487950076,-1,23998,23999,23999,23999,23999,10.08576744
30-11-2025,23998,0,6,11,48,23998.57143,23998.78571,0.53452252,-1,23998,23998,23999,23999,23999,10.08576744
01-12-2025,23998,0,0,12,49,23998.42857,23998.71429,0.53452252,-1,23998,23998,23998,23999,23999,10.08576744
02-12-2025,23998,0,1,12,49,23998.28571,23998.64286,0.487950076,-1,23998,23998,23998,23999,23999,10.08576744
03-12-2025,23999,1,2,12,49,23998.28571,23998.64286,0.487950076,0,23998,23998,23998,23999,23999,10.08580911
04-12-2025,23999,0,3,12,49,23998.28571,23998.64286,0.487950076,0,23999,23998,23998,23999,23999,10.08580911
05-12-2025,23999,0,4,12,49,23998.42857,23998.64286,0.53452252,1,23999,23999,23998,23998,23999,10.08580911
06-12-2025,23999,0,5,12,49,23998.57143,23998.64286,0.53452252,1,23999,23999,23999,23998,23999,10.08580911
07-12-2025,23999,0,6,12,49,23998.71429,23998.64286,0.487950076,1,23999,23999,23999,23998,23999,10.08580911
08-12-2025,23999,0,0,12,50,23998.85714,23998.64286,0.377964525,1,23999,23999,23999,23998,23999,10.08580911
09-12-2025,23999,0,1,12,50,23999.0,23998.64286,0.0,1,23999,23999,23999,23998,23999,10.08580911
10-12-2025,23999,0,2,12,50,23999.0,23998.64286,0.0,0,23999,23999,23999,23999,23999,10.08580911
11-12-2025,23999,0,3,12,50,23999.0,23998.64286,0.0,0,23999,23999,23999,23999,23999,10.08580911
12-12-2025,24368,1,4,12,50,24051.71429,24025.07143,139.4688905,369,23999,23999,23999,23999,23998,10.10106711
13-12-2025,24999,1,5,12,50,24194.57143,24096.57143,380.4435381,1000,24368,23999,23999,23999,23998,10.1266311
14-12-2025,24999,0,6,12,50,24337.42857,24168.07143,471.5972353,1000,24999,24368,23999,23999,23998,10.1266311
15-12-2025,24999,0,0,12,51,24480.28571,24239.57143,502.4455905,1000,24999,24999,24368,23999,23998,10.1266311
16-12-2025,24999,0,1,12,51,24623.14286,24311.07143,484.6443468,1000,24999,24999,24999,23999,23998,10.1266311
17-12-2025,24999,0,2,12,51,24766.0,24382.5,411.9340562,1000,24999,24999,24999,23999,23999,10.1266311
18-12-2025,24999,0,3,12,51,24908.85714,24453.92857,238.4955825,1000,24999,24999,24999,23999,23999,10.1266311
19-12-2025,24999,0,4,12,51,24999.0,24525.35714,0.0,631,24999,24999,24999,24368,23999,10.1266311
20-12-2025,24999,0,5,12,51,24999.0,24596.78571,0.0,0,24999,24999,24999,24999,23999,10.1266311
21-12-2025,23999,-1,6,12,51,24856.14286,24596.78571,377.964473,-1000,24999,24999,24999,24999,23999,10.08580911
22-12-2025,23999,0,0,12,52,24713.28571,24596.78571,487.9500365,-1000,23999,24999,24999,24999,23999,10.08580911
23-12-2025,23999,0,1,12,52,24570.42857,24596.78571,534.5224838,-1000,23999,23999,24999,24999,23999,10.08580911
24-12-2025,23999,0,2,12,52,24427.57143,24596.78571,534.5224838,-1000,23999,23999,23999,24999,23999,10.08580911
25-12-2025,23999,0,3,12,52,24284.71429,24596.78571,487.9500365,-1000,23999,23999,23999,24999,23999,10.08580911
26-12-2025,23999,0,4,12,52,24141.85714,24570.42857,377.964473,-1000,23999,23999,23999,24999,24368,10.08580911
27-12-2025,23999,0,5,12,52,23999.0,24499.0,0.0,-1000,23999,23999,23999,24999,24999,10.08580911
28-12-2025,23999,0,6,12,52,23999.0,24427.57143,0.0,0,23999,23999,23999,23999,24999,10.08580911
29-12-2025,23999,0,0,12,1,23999.0,24356.14286,0.0,0,23999,23999,23999,23999,24999,10.08580911
30-12-2025,23999,0,1,12,1,23999.0,24284.71429,0.0,0,23999,23999,23999,23999,24999,10.08580911
31-12-2025,23999,0,2,12,1,23999.0,24213.28571,0.0,0,23999,23999,23999,23999,24999,10.08580911
01-01-2026,23999,0,3,1,1,23999.0,24141.85714,0.0,0,23999,23999,23999,23999,24999,10.08580911
02-01-2026,23999,0,4,1,1,23999.0,24070.42857,0.0,0,23999,23999,23999,23999,24999,10.08580911
03-01-2026,23999,0,5,1,1,23999.0,23999.0,0.0,0,23999,23999,23999,23999,24999,10.08580911
04-01-2026,23999,0,6,1,1,23999.0,23999.0,0.0,0,23999,23999,23999,23999,23999,10.08580911
05-01-2026,23999,0,0,1,2,23999.0,23999.0,0.0,0,23999,23999,23999,23999,23999,10.08580911
06-01-2026,24999,1,1,1,2,24141.85714,24070.42857,377.964473,1000,23999,23999,23999,23999,23999,10.1266311
07-01-2026,24999,0,2,1,2,24284.71429,24141.85714,487.9500365,1000,24999,23999,23999,23999,23999,10.1266311
08-01-2026,24999,0,3,1,2,24427.57143,24213.28571,534.5224838,1000,24999,24999,23999,23999,23999,10.1266311
09-01-2026,24999,0,4,1,2,24570.42857,24284.71429,534.5224838,1000,24999,24999,24999,23999,23999,10.1266311
10-01-2026,24999,0,5,1,2,24713.28571,24356.14286,487.9500365,1000,24999,24999,24999,23999,23999,10.1266311
11-01-2026,24999,0,6,1,2,24856.14286,24427.57143,377.964473,1000,24999,24999,24999,23999,23999,10.1266311
12-01-2026,23999,-1,0,1,3,24856.14286,24427.57143,377.964473,0,24999,24999,24999,23999,23999,10.08580911
13-01-2026,23999,0,1,1,3,24713.28571,24427.57143,487.9500365,-1000,23999,24999,24999,24999,23999,10.08580911
14-01-2026,23999,0,2,1,3,24570.42857,24427.57143,534.5224838,-1000,23999,23999,24999,24999,23999,10.08580911
15-01-2026,23999,0,3,1,3,24427.57143,24427.57143,534.5224838,-1000,23999,23999,23999,24999,23999,10.08580911
16-01-2026,23998,-1,4,1,3,24284.57143,24427.5,488.0477631,-1001,23999,23999,23999,24999,23999,10.08576744
17-01-2026,23998,0,5,1,3,24141.57143,24427.42857,378.090755,-1001,23998,23999,23999,24999,23999,10.08576744
18-01-2026,23998,0,6,1,3,23998.57143,24427.35714,0.534522523,-1001,23998,23998,23999,24999,23999,10.08576744
19-01-2026,23998,0,0,1,4,23998.42857,24427.28571,0.534522523,-1,23998,23998,23998,23999,23999,10.08576744
20-01-2026,23998,0,1,1,4,23998.28571,24355.78571,0.487950079,-1,23998,23998,23998,23999,24999,10.08576744
21-01-2026,23998,0,2,1,4,23998.14286,24284.28571,0.377964528,-1,23998,23998,23998,23999,24999,10.08576744
22-01-2026,23998,0,3,1,4,23998.0,24212.78571,0.0,-1,23998,23998,23998,23999,24999,10.08576744
23-01-2026,23998,0,4,1,4,23998.0,24141.28571,0.0,0,23998,23998,23998,23998,24999,10.08576744
24-01-2026,23998,0,5,1,4,23998.0,24069.78571,0.0,0,23998,23998,23998,23998,24999,10.08576744
25-01-2026,23998,0,6,1,4,23998.0,23998.28571,0.0,0,23998,23998,23998,23998,24999,10.08576744
26-01-2026,23998,0,0,1,5,23998.0,23998.21429,0.0,0,23998,23998,23998,23998,23999,10.08576744
27-01-2026,23998,0,1,1,5,23998.0,23998.14286,0.0,0,23998,23998,23998,23998,23999,10.08576744
28-01-2026,23998,0,2,1,5,23998.0,23998.07143,0.0,0,23998,23998,23998,23998,23999,10.08576744
29-01-2026,25999,1,3,1,5,24283.85714,24140.92857,756.3069105,2001,23998,23998,23998,23998,23999,10.16585182
